<configuration>

  <conversionRule conversionWord="coloredLevel" converterClass="play.api.Logger$ColoredLevel" />

  <appender name="FILE" class="ch.qos.logback.core.rolling.RollingFileAppender">
    <file>${application.home}/logs/application.log</file>
    <encoder>
       <pattern>%date - [%level] - from %logger in %thread %n%message%n%xException%n</pattern>
    </encoder>

    <rollingPolicy class="ch.qos.logback.core.rolling.TimeBasedRollingPolicy">
      <fileNamePattern>application.%d{yyyy-MM-dd}.log</fileNamePattern>
      <maxHistory>5</maxHistory>
    </rollingPolicy>
  </appender>

  <logger name="play" level="INFO" />
  <logger name="application" level="DEBUG" />

  <!-- Off these ones as they are annoying, and anyway we manage configuration ourself -->
  <logger name="com.avaje.ebean.config.PropertyMapLoader" level="OFF" />
  <logger name="com.avaje.ebeaninternal.server.core.XmlConfigLoader" level="OFF" />
  <logger name="com.avaje.ebeaninternal.server.lib.BackgroundThread" level="OFF" />
  <logger name="com.gargoylesoftware.htmlunit.javascript" level="OFF" />

  <logger name="akka" level="INFO" />
  <logger name="kafka" level="INFO" />

  <root level="INFO">
    <appender-ref ref="FILE" />
  </root>

</configuration>
